{
  "metrics": {
    "train_mse": 0.3561986829995989,
    "train_mae": 0.3641044148460904,
    "train_r2": 0.9830418051786269,
    "test_mse": 4.028343072701684,
    "test_mae": 1.191888826847029,
    "test_r2": 0.8035438289881286
  },
  "train_residuals": {
    "mean": -0.002199698970240105,
    "std": 0.5968197754130129,
    "min": -3.4809854635468827,
    "max": 2.4329285714285707
  },
  "test_residuals": {
    "mean": 0.034805550375463554,
    "std": 2.006771448462616,
    "min": -7.479736966851517,
    "max": 7.093154761904762
  }
}