{
  "metrics": {
    "train_mse": 0.35619868299959906,
    "train_mae": 0.3641044148460906,
    "train_r2": 0.9830418051786269,
    "test_mse": 4.028343072701685,
    "test_mae": 1.191888826847029,
    "test_r2": 0.8035438289881285
  },
  "train_residuals": {
    "mean": -0.0021996989702401755,
    "std": 0.596819775413013,
    "min": -3.4809854635468827,
    "max": 2.4329285714285724
  },
  "test_residuals": {
    "mean": 0.03480555037546354,
    "std": 2.006771448462616,
    "min": -7.479736966851517,
    "max": 7.093154761904762
  }
}