{
  "metrics": {
    "train_mse": 0.356198682999599,
    "train_mae": 0.36410441484609063,
    "train_r2": 0.9830418051786269,
    "test_mse": 4.028343072701685,
    "test_mae": 1.191888826847029,
    "test_r2": 0.8035438289881285
  },
  "train_residuals": {
    "mean": -0.0021996989702402063,
    "std": 0.596819775413013,
    "min": -3.480985463546882,
    "max": 2.4329285714285707
  },
  "test_residuals": {
    "mean": 0.034805550375463595,
    "std": 2.006771448462616,
    "min": -7.479736966851518,
    "max": 7.093154761904762
  }
}